{
  "id": "cmpl-Bxpc9AqOf2sIPVVJ9hStmVtyNXV9O",
  "object": "text_completion",
  "created": 1753599457,
  "model": "gpt-3.5-turbo-instruct:20230824-v2",
  "choices": [
    {
      "text": "\nThe 2019 Porchlight Business Book of the Year\n\nThe ",
      "index": 0,
      "logprobs": {
        "tokens": [
          "\n",
          "The",
          " ",
          "201",
          "9",
          " Por",
          "ch",
          "light",
          " Business",
          " Book",
          " of",
          " the",
          " Year",
          "\n\n",
          "The",
          " "
        ],
        "token_logprobs": [
          -2.243145,
          -3.2711236,
          -3.8139277,
          -1.5669492,
          -1.7985585,
          -2.663244,
          -0.017993068,
          -0.028748035,
          -0.0012248703,
          -0.0004515262,
          -0.0024090658,
          -0.00005443128,
          -0.000008537869,
          -0.00025335286,
          -0.00018327577,
          -0.00018971277
        ],
        "top_logprobs": [
          {
            "1": -3.171154,
            "\n": -2.243145,
            "\n\n": -2.6312475,
            "package": -2.9051552,
            "The": -3.4748487,
            "import": -3.4954662,
            "﻿using": -4.023304,
            "I": -4.1537867,
            "<?": -4.188176,
            "#": -4.491317,
            "A": -4.5212574,
            "#include": -4.613559,
            "//\n": -4.7277584,
            "This": -4.764777,
            "In": -4.8964643,
            "We": -5.0149126,
            "const": -5.3588057,
            "//": -5.381832,
            "It": -5.3900614,
            "S": -5.413266
          },
          {
            "The": -3.2711236,
            "#include": -3.379071,
            "import": -3.4229877,
            "package": -3.493943,
            "This": -3.88881,
            "I": -3.912483,
            "#ifndef": -4.2952003,
            "//": -4.360156,
            "#": -4.3967056,
            "A": -4.4007053,
            "var": -4.57911,
            "We": -4.621254,
            "public": -4.8231792,
            "You": -4.8443336,
            "/**\n": -4.857588,
            "const": -4.858753,
            "<?": -4.8691883,
            "In": -4.969207,
            "class": -4.996643,
            "All": -5.0491257
          },
          {
            " ": -3.8139277,
            " quantity": -3.9457178,
            " best": -4.103404,
            " description": -4.2406206,
            " following": -4.6462593,
            " first": -4.9081707,
            " selection": -4.9231243,
            " new": -5.006934,
            " input": -5.101098,
            " Best": -5.1100054,
            " latest": -5.1854963,
            " Sweet": -5.2131395,
            " most": -5.3961725,
            " U": -5.5453205,
            " National": -5.5987835,
            " purpose": -5.6345406,
            " New": -5.704362,
            " whole": -5.7123137,
            " world": -5.7550964,
            " estimated": -5.8626146
          },
          {
            "1": -3.7603488,
            "2": -3.7524295,
            "3": -3.4041286,
            "4": -3.6284766,
            "5": -3.4464488,
            "6": -4.171951,
            "7": -4.029945,
            "8": -4.195482,
            "9": -4.368259,
            "10": -2.9381213,
            "12": -4.182653,
            "15": -4.372501,
            "20": -3.7220912,
            "21": -3.8804736,
            "25": -4.390619,
            "100": -4.0116553,
            "189": -4.2879767,
            "200": -3.5671573,
            "201": -1.5669492,
            "202": -3.172254
          },
          {
            "0": -3.3511536,
            "1": -3.1047337,
            "2": -2.8432133,
            "3": -2.7515633,
            "4": -2.5374959,
            "5": -2.4342625,
            "6": -1.8376801,
            "7": -1.9247639,
            "8": -1.8337204,
            "9": -1.7985585,
            "520": -10.849835,
            "620": -10.815343,
            "718": -11.457632,
            "720": -10.851256,
            "820": -10.683078,
            "910": -11.507235,
            "920": -10.096148,
            "st": -10.113294,
            "-": -10.428318,
            " ": -11.130354
          },
          {
            " Por": -2.663244,
            "-": -2.929592,
            "/": -3.317972,
            " population": -3.6959608,
            " Chevrolet": -3.8392847,
            " Ford": -3.8844163,
            " edition": -4.0361576,
            " Toyota": -4.153965,
            " Honda": -4.3205166,
            " NFL": -4.384756,
            " Audi": -4.581686,
            " BMW": -4.6900234,
            " season": -4.7668114,
            " Kia": -4.8505306,
            " Lexus": -4.9321346,
            " World": -4.9618893,
            " Annual": -4.974186,
            " A": -4.996172,
            " Subaru": -5.0147533,
            " Cadillac": -5.0356045
          },
          {
            "ch": -0.017993068,
            "celain": -5.65981,
            "ib": -5.9987535,
            "ché": -6.8859434,
            "venir": -6.982974,
            "chia": -7.3252363,
            "chie": -7.3913774,
            "cel": -7.415015,
            "ous": -7.5947313,
            "ada": -7.717185,
            "in": -7.9874163,
            "v": -7.999963,
            "ac": -8.076774,
            "che": -8.248891,
            "oc": -8.288505,
            "co": -8.342027,
            "cell": -8.355313,
            "cf": -8.534036,
            "ite": -8.546926,
            "ject": -8.574164
          },
          {
            "light": -0.028748035,
            "Light": -4.797526,
            "fest": -5.72922,
            " Parade": -5.841126,
            "Dr": -6.2486405,
            "\n\n": -7.0424333,
            "etta": -7.5120053,
            " Decorating": -7.7081285,
            " Dr": -7.8211026,
            " Party": -7.8820767,
            "dr": -7.959801,
            " Light": -8.018755,
            " Index": -8.074425,
            "F": -8.16086,
            "ella": -8.341366,
            " P": -8.356655,
            " &": -8.448492,
            "deck": -8.493116,
            "ling": -8.566307,
            " Ideas": -8.673647
          },
          {
            " Business": -0.0012248703,
            "\n\n": -9.253822,
            " Bus": -9.386715,
            " is": -9.883596,
            " Gift": -9.937721,
            " Music": -10.023201,
            " Reading": -10.292892,
            " Non": -10.505968,
            " Christmas": -10.625902,
            " International": -10.6545105,
            " Awards": -10.667086,
            " ": -10.808104,
            " B": -10.927542,
            " Award": -10.947655,
            " Pay": -11.155916,
            " Golden": -11.206047,
            " Poetry": -11.345558,
            " Grill": -11.361767,
            " Home": -11.417482,
            " Film": -11.526766
          },
          {
            " Book": -0.0004515262,
            "\n\n": -9.018998,
            " Books": -9.661376,
            " book": -9.99681,
            ",": -10.870624,
            "…\n\n": -10.967778,
            " ": -11.430839,
            " BOOK": -11.476382,
            "\n": -11.77003,
            "...\n\n": -11.862857,
            " B": -11.983602,
            " of": -12.026916,
            " Boot": -12.028575,
            "Book": -12.300181,
            "…": -12.458898,
            ".\n\n": -12.615764,
            " is": -12.831,
            ".": -12.844865,
            " Law": -12.918553,
            "...": -12.959811
          },
          {
            " of": -0.0024090658,
            " Awards": -6.166107,
            " Award": -8.89431,
            "\n\n": -10.115072,
            " is": -10.802069,
            " o": -11.813927,
            " Competition": -11.900951,
            " awards": -12.2138195,
            "…\n\n": -12.302763,
            " ": -12.48217,
            " and": -12.623631,